Employee_Name,Employee_EmailID,Secret_Child_Name,Secret_Child_EmailID
Rohan,rohan@example.com,Kabir,kabir@example.com
Saanvi,saanvi@example.com,Krishna,krishna@example.com
Ishaan,ishaan@example.com,Aarav,aarav@example.com
Kiara,kiara@example.com,Saanvi,saanvi@example.com
Kabir,kabir@example.com,Ananya,ananya@example.com
Krishna,krishna@example.com,Kiara,kiara@example.com
Ananya,ananya@example.com,Arjun,arjun@example.com
Aarav,aarav@example.com,Ishaan,ishaan@example.com
Aadhya,aadhya@example.com,Rohan,rohan@example.com
Arjun,arjun@example.com,Aadhya,aadhya@example.com
